Zeit (in s); x (in cm) ; y (in cm); vx (in cm/s) ; vy (in cm/s)
0.000E0; 3.902E0; -7.125E-4; ; 
1.667E-3; 3.868E0; -8.966E-4; -2.030E1; -1.105E-1
3.500E-2; 3.769E0; -1.076E-3; -2.964E0; -5.390E-3
6.833E-2; 3.614E0; -2.525E-3; -4.650E0; -4.346E-2
1.017E-1; 3.402E0; 1.130E-3; -6.350E0; 1.096E-1
1.350E-1; 3.125E0; 3.205E-3; -8.314E0; 6.223E-2
1.683E-1; 2.820E0; -2.232E-3; -9.163E0; -1.631E-1
2.017E-1; 2.443E0; 5.779E-3; -1.130E1; 2.403E-1
2.350E-1; 2.050E0; 3.321E-3; -1.178E1; -7.376E-2
2.683E-1; 1.611E0; -9.358E-3; -1.318E1; -3.804E-1
3.017E-1; 1.134E0; 4.312E-3; -1.433E1; 4.101E-1
3.350E-1; 6.529E-1; 3.574E-3; -1.442E1; -2.215E-2
3.683E-1; 1.632E-1; 8.113E-3; -1.469E1; 1.361E-1
4.017E-1; -3.411E-1; 5.430E-3; -1.513E1; -8.048E-2
4.350E-1; -8.428E-1; 5.386E-3; -1.505E1; -1.312E-3
4.683E-1; -1.327E0; 2.403E-2; -1.451E1; 5.593E-1
5.017E-1; -1.790E0; 3.560E-2; -1.391E1; 3.471E-1
5.350E-1; -2.235E0; 3.584E-2; -1.334E1; 7.051E-3
5.683E-1; -2.640E0; 4.725E-2; -1.217E1; 3.423E-1
6.017E-1; -3.014E0; 5.168E-2; -1.121E1; 1.329E-1
6.350E-1; -3.334E0; 5.753E-2; -9.589E0; 1.756E-1
6.683E-1; -3.602E0; 5.880E-2; -8.036E0; 3.794E-2
7.017E-1; -3.802E0; 6.174E-2; -6.002E0; 8.845E-2
7.350E-1; -3.954E0; 6.038E-2; -4.580E0; -4.096E-2
7.683E-1; -4.057E0; 5.927E-2; -3.068E0; -3.341E-2
8.017E-1; -4.068E0; 5.829E-2; -3.480E-1; -2.937E-2
8.350E-1; -4.001E0; 6.304E-2; 2.030E0; 1.425E-1
8.683E-1; -3.873E0; 6.466E-2; 3.836E0; 4.868E-2
9.017E-1; -3.693E0; 5.973E-2; 5.390E0; -1.479E-1
9.350E-1; -3.447E0; 6.584E-2; 7.391E0; 1.835E-1
9.683E-1; -3.146E0; 6.638E-2; 9.013E0; 1.617E-2
1.002E0; -2.795E0; 5.652E-2; 1.052E1; -2.957E-1
1.035E0; -2.414E0; 5.586E-2; 1.145E1; -1.998E-2
1.068E0; -1.995E0; 4.599E-2; 1.255E1; -2.961E-1
1.102E0; -1.558E0; 4.625E-2; 1.313E1; 7.759E-3
1.135E0; -1.096E0; 3.932E-2; 1.384E1; -2.078E-1
1.168E0; -6.105E-1; 3.342E-2; 1.458E1; -1.770E-1
1.202E0; -1.246E-1; 3.408E-2; 1.458E1; 1.965E-2
1.235E0; 3.576E-1; 2.964E-2; 1.447E1; -1.330E-1
1.268E0; 8.281E-1; 1.758E-2; 1.411E1; -3.617E-1
1.302E0; 1.279E0; 1.165E-2; 1.354E1; -1.781E-1
1.335E0; 1.715E0; 1.340E-2; 1.306E1; 5.259E-2
1.368E0; 2.130E0; 1.229E-2; 1.245E1; -3.337E-2
1.402E0; 2.501E0; 6.884E-3; 1.113E1; -1.622E-1
1.435E0; 2.826E0; 4.775E-3; 9.753E0; -6.327E-2
1.468E0; 3.115E0; -5.714E-3; 8.672E0; -3.147E-1
1.502E0; 3.345E0; -3.952E-3; 6.894E0; 5.286E-2
1.535E0; 3.518E0; 3.223E-3; 5.189E0; 2.153E-1
1.568E0; 3.634E0; 8.807E-3; 3.477E0; 1.675E-1
1.602E0; 3.686E0; 1.559E-2; 1.572E0; 2.036E-1
1.635E0; 3.702E0; 8.169E-3; 4.600E-1; -2.228E-1
1.668E0; 3.664E0; 9.452E-3; -1.138E0; 3.850E-2
1.702E0; 3.572E0; 9.237E-3; -2.758E0; -6.470E-3
1.735E0; 3.423E0; 8.987E-3; -4.457E0; -7.484E-3
1.768E0; 3.214E0; 7.535E-3; -6.269E0; -4.358E-2
1.802E0; 2.961E0; 2.387E-3; -7.601E0; -1.544E-1
1.835E0; 2.653E0; -4.417E-4; -9.251E0; -8.486E-2
1.868E0; 2.308E0; 2.338E-3; -1.035E1; 8.339E-2
1.902E0; 1.911E0; 4.353E-3; -1.189E1; 6.043E-2
1.935E0; 1.484E0; 8.723E-3; -1.283E1; 1.311E-1
1.968E0; 1.038E0; 5.371E-3; -1.336E1; -1.006E-1
2.002E0; 5.760E-1; 8.071E-3; -1.387E1; 8.102E-2
2.035E0; 1.082E-1; 1.316E-2; -1.403E1; 1.526E-1
2.068E0; -3.726E-1; 1.357E-2; -1.443E1; 1.225E-2
2.102E0; -8.511E-1; 1.754E-2; -1.435E1; 1.193E-1
2.135E0; -1.308E0; 2.165E-2; -1.372E1; 1.232E-1
2.168E0; -1.749E0; 2.994E-2; -1.323E1; 2.488E-1
2.202E0; -2.169E0; 3.735E-2; -1.260E1; 2.222E-1
2.235E0; -2.550E0; 4.067E-2; -1.141E1; 9.980E-2
2.270E0; -2.901E0; 4.738E-2; -1.004E1; 1.917E-1
2.303E0; -3.213E0; 4.836E-2; -9.355E0; 2.926E-2
2.337E0; -3.458E0; 5.768E-2; -7.352E0; 2.798E-1
2.370E0; -3.653E0; 4.975E-2; -5.838E0; -2.380E-1
2.403E0; -3.774E0; 3.889E-2; -3.638E0; -3.259E-1
2.437E0; -3.848E0; 4.205E-2; -2.218E0; 9.492E-2
2.470E0; -3.852E0; 5.197E-2; -1.365E-1; 2.977E-1
2.503E0; -3.803E0; 4.994E-2; 1.472E0; -6.108E-2
2.537E0; -3.698E0; 5.154E-2; 3.164E0; 4.811E-2
2.570E0; -3.536E0; 4.747E-2; 4.856E0; -1.222E-1
2.603E0; -3.314E0; 5.400E-2; 6.670E0; 1.959E-1
2.637E0; -3.029E0; 5.239E-2; 8.529E0; -4.829E-2
2.670E0; -2.701E0; 4.431E-2; 9.836E0; -2.422E-1
2.703E0; -2.340E0; 4.282E-2; 1.084E1; -4.481E-2
2.737E0; -1.943E0; 3.705E-2; 1.192E1; -1.731E-1
2.770E0; -1.520E0; 3.026E-2; 1.267E1; -2.038E-1
2.803E0; -1.074E0; 2.846E-2; 1.339E1; -5.379E-2
2.837E0; -6.169E-1; 2.010E-2; 1.371E1; -2.510E-1
2.870E0; -1.578E-1; 1.814E-2; 1.378E1; -5.871E-2
2.903E0; 3.036E-1; 1.382E-2; 1.384E1; -1.297E-1
2.937E0; 7.561E-1; 9.637E-3; 1.358E1; -1.254E-1
2.970E0; 1.192E0; 2.480E-5; 1.308E1; -2.884E-1
3.003E0; 1.611E0; -7.399E-4; 1.255E1; -2.294E-2
3.037E0; 2.008E0; -5.945E-3; 1.193E1; -1.562E-1
3.070E0; 2.374E0; -8.733E-3; 1.097E1; -8.361E-2
3.103E0; 2.689E0; -8.979E-3; 9.459E0; -7.396E-3
3.137E0; 2.960E0; -8.975E-3; 8.127E0; 1.361E-4
3.170E0; 3.179E0; -1.137E-2; 6.550E0; -7.189E-2
3.203E0; 3.356E0; -9.019E-3; 5.328E0; 7.056E-2
3.237E0; 3.476E0; -1.021E-2; 3.595E0; -3.581E-2
3.270E0; 3.531E0; -1.672E-2; 1.640E0; -1.952E-1
3.303E0; 3.538E0; -1.899E-2; 2.180E-1; -6.814E-2
3.337E0; 3.483E0; -1.110E-2; -1.663E0; 2.368E-1
3.370E0; 3.375E0; -7.460E-3; -3.233E0; 1.091E-1
3.403E0; 3.208E0; -7.529E-3; -5.010E0; -2.062E-3
3.437E0; 2.998E0; -7.957E-3; -6.302E0; -1.286E-2
3.470E0; 2.732E0; -5.138E-3; -7.975E0; 8.459E-2
3.503E0; 2.423E0; 2.815E-3; -9.263E0; 2.386E-1
3.537E0; 2.071E0; 1.090E-2; -1.056E1; 2.425E-1
3.570E0; 1.677E0; 9.949E-3; -1.182E1; -2.849E-2
3.603E0; 1.266E0; 2.374E-3; -1.234E1; -2.273E-1
3.637E0; 8.346E-1; 5.209E-3; -1.294E1; 8.505E-2
3.670E0; 3.848E-1; 2.355E-2; -1.350E1; 5.503E-1
3.703E0; -6.951E-2; 2.219E-2; -1.363E1; -4.089E-2
3.737E0; -5.214E-1; 2.865E-2; -1.356E1; 1.939E-1
3.770E0; -9.742E-1; 2.760E-2; -1.358E1; -3.156E-2
3.803E0; -1.410E0; 3.732E-2; -1.308E1; 2.915E-1
3.837E0; -1.824E0; 3.794E-2; -1.242E1; 1.865E-2
3.870E0; -2.213E0; 3.998E-2; -1.165E1; 6.131E-2
3.903E0; -2.569E0; 4.909E-2; -1.070E1; 2.733E-1
3.937E0; -2.891E0; 4.860E-2; -9.642E0; -1.483E-2
3.970E0; -3.157E0; 5.582E-2; -8.004E0; 2.166E-1
4.003E0; -3.378E0; 5.685E-2; -6.632E0; 3.097E-2
4.037E0; -3.549E0; 4.820E-2; -5.125E0; -2.596E-1
4.070E0; -3.648E0; 5.412E-2; -2.960E0; 1.777E-1
4.103E0; -3.675E0; 5.410E-2; -8.200E-1; -4.809E-4
4.137E0; -3.638E0; 5.109E-2; 1.109E0; -9.026E-2
4.170E0; -3.543E0; 5.131E-2; 2.852E0; 6.538E-3
4.203E0; -3.375E0; 5.685E-2; 5.042E0; 1.662E-1
4.237E0; -3.155E0; 5.687E-2; 6.620E0; 5.917E-4
4.270E0; -2.883E0; 5.308E-2; 8.137E0; -1.136E-1
4.303E0; -2.573E0; 4.887E-2; 9.315E0; -1.263E-1
4.337E0; -2.227E0; 5.033E-2; 1.037E1; 4.373E-2
4.370E0; -1.843E0; 4.586E-2; 1.152E1; -1.342E-1
4.403E0; -1.439E0; 4.277E-2; 1.213E1; -9.270E-2
4.437E0; -1.016E0; 4.275E-2; 1.270E1; -4.522E-4
4.472E0; -5.792E-1; 3.249E-2; 1.247E1; -2.932E-1
4.505E0; -1.398E-1; 2.559E-2; 1.318E1; -2.071E-1
4.538E0; 3.006E-1; 2.669E-2; 1.321E1; 3.311E-2
4.572E0; 7.313E-1; 1.539E-2; 1.292E1; -3.391E-1
4.605E0; 1.153E0; 1.554E-2; 1.266E1; 4.566E-3
4.638E0; 1.551E0; 9.434E-3; 1.193E1; -1.832E-1
4.672E0; 1.933E0; 9.702E-3; 1.146E1; 8.043E-3
4.705E0; 2.277E0; 5.702E-3; 1.034E1; -1.200E-1
4.738E0; 2.580E0; -1.700E-3; 9.093E0; -2.221E-1
4.772E0; 2.830E0; -6.707E-3; 7.509E0; -1.502E-1
4.805E0; 3.040E0; -5.889E-3; 6.291E0; 2.452E-2
4.838E0; 3.202E0; -5.371E-3; 4.844E0; 1.555E-2
4.872E0; 3.328E0; -6.882E-3; 3.791E0; -4.532E-2
4.905E0; 3.382E0; -8.924E-3; 1.612E0; -6.127E-2
4.938E0; 3.378E0; -8.992E-4; -1.065E-1; 2.408E-1
4.972E0; 3.327E0; -6.582E-3; -1.525E0; -1.705E-1
5.005E0; 3.217E0; -6.100E-3; -3.318E0; 1.449E-2
5.038E0; 3.059E0; -6.431E-3; -4.734E0; -9.947E-3
5.072E0; 2.853E0; -6.616E-4; -6.178E0; 1.731E-1
5.105E0; 2.608E0; 1.088E-2; -7.349E0; 3.463E-1
5.138E0; 2.305E0; 1.150E-2; -9.087E0; 1.851E-2
5.172E0; 1.964E0; 2.058E-2; -1.023E1; 2.724E-1
5.205E0; 1.588E0; 1.838E-2; -1.129E1; -6.590E-2
5.238E0; 1.197E0; 2.839E-2; -1.171E1; 3.001E-1
5.272E0; 7.767E-1; 3.459E-2; -1.262E1; 1.861E-1
5.305E0; 3.497E-1; 2.965E-2; -1.281E1; -1.481E-1
5.338E0; -8.251E-2; 3.094E-2; -1.297E1; 3.851E-2
5.372E0; -5.221E-1; 3.349E-2; -1.319E1; 7.669E-2
5.405E0; -9.502E-1; 4.273E-2; -1.284E1; 2.772E-1
5.438E0; -1.365E0; 5.085E-2; -1.244E1; 2.436E-1
5.472E0; -1.760E0; 5.162E-2; -1.185E1; 2.305E-2
5.505E0; -2.130E0; 5.508E-2; -1.111E1; 1.037E-1
5.538E0; -2.466E0; 6.239E-2; -1.008E1; 2.195E-1
5.572E0; -2.770E0; 6.282E-2; -9.120E0; 1.270E-2
5.605E0; -3.025E0; 6.464E-2; -7.632E0; 5.460E-2
5.638E0; -3.232E0; 6.713E-2; -6.218E0; 7.471E-2
5.672E0; -3.388E0; 6.385E-2; -4.669E0; -9.830E-2
5.705E0; -3.484E0; 6.254E-2; -2.879E0; -3.928E-2
5.738E0; -3.521E0; 6.359E-2; -1.110E0; 3.135E-2
5.772E0; -3.489E0; 6.290E-2; 9.385E-1; -2.055E-2
5.805E0; -3.403E0; 5.918E-2; 2.590E0; -1.115E-1
5.838E0; -3.256E0; 6.178E-2; 4.407E0; 7.801E-2
5.872E0; -3.054E0; 6.018E-2; 6.051E0; -4.823E-2
5.905E0; -2.806E0; 5.982E-2; 7.444E0; -1.070E-2
5.938E0; -2.514E0; 5.359E-2; 8.753E0; -1.869E-1
5.972E0; -2.187E0; 5.439E-2; 9.825E0; 2.391E-2
6.005E0; -1.829E0; 5.385E-2; 1.074E1; -1.601E-2
6.038E0; -1.444E0; 5.078E-2; 1.155E1; -9.203E-2
6.072E0; -1.041E0; 4.923E-2; 1.209E1; -4.653E-2
6.105E0; -6.277E-1; 3.707E-2; 1.239E1; -3.651E-1
6.138E0; -2.067E-1; 3.401E-2; 1.263E1; -9.171E-2
6.172E0; 2.183E-1; 3.068E-2; 1.275E1; -9.976E-2
6.205E0; 6.284E-1; 2.636E-2; 1.230E1; -1.296E-1
6.238E0; 1.034E0; 1.961E-2; 1.217E1; -2.028E-1
6.272E0; 1.417E0; 1.182E-2; 1.150E1; -2.337E-1
6.305E0; 1.781E0; 5.828E-3; 1.092E1; -1.796E-1
6.338E0; 2.114E0; 7.913E-4; 1.000E1; -1.511E-1
6.372E0; 2.414E0; 3.803E-3; 8.997E0; 9.035E-2
6.405E0; 2.672E0; -8.773E-4; 7.731E0; -1.404E-1
6.438E0; 2.877E0; -3.478E-3; 6.159E0; -7.802E-2
6.472E0; 3.045E0; -1.156E-2; 5.032E0; -2.424E-1
6.505E0; 3.162E0; -1.021E-2; 3.521E0; 4.035E-2
6.538E0; 3.225E0; -8.931E-3; 1.889E0; 3.844E-2
6.572E0; 3.235E0; -7.695E-3; 3.002E-1; 3.707E-2
6.605E0; 3.195E0; -5.177E-3; -1.214E0; 7.554E-2
6.638E0; 3.107E0; -8.196E-3; -2.650E0; -9.056E-2
6.672E0; 2.971E0; -6.486E-3; -4.067E0; 5.131E-2
6.705E0; 2.786E0; -1.491E-3; -5.549E0; 1.498E-1
6.738E0; 2.556E0; -6.870E-4; -6.897E0; 2.413E-2
6.773E0; 2.276E0; 4.211E-3; -7.999E0; 1.400E-1
6.807E0; 1.956E0; 1.234E-2; -9.596E0; 2.438E-1
6.840E0; 1.607E0; 7.014E-3; -1.047E1; -1.598E-1
6.873E0; 1.240E0; 1.273E-2; -1.100E1; 1.715E-1
6.907E0; 8.417E-1; 1.557E-2; -1.196E1; 8.532E-2
6.940E0; 4.309E-1; 2.910E-2; -1.232E1; 4.058E-1
6.973E0; 1.937E-2; 3.321E-2; -1.234E1; 1.232E-1
7.007E0; -4.020E-1; 4.151E-2; -1.264E1; 2.490E-1
7.040E0; -8.119E-1; 4.291E-2; -1.230E1; 4.226E-2
7.073E0; -1.212E0; 4.577E-2; -1.200E1; 8.576E-2
7.107E0; -1.593E0; 5.405E-2; -1.144E1; 2.484E-1
7.140E0; -1.956E0; 5.735E-2; -1.090E1; 9.894E-2
7.173E0; -2.286E0; 6.161E-2; -9.874E0; 1.278E-1
7.207E0; -2.575E0; 6.027E-2; -8.690E0; -4.025E-2
7.240E0; -2.834E0; 7.036E-2; -7.766E0; 3.027E-1
7.273E0; -3.042E0; 7.057E-2; -6.233E0; 6.279E-3
7.307E0; -3.203E0; 7.311E-2; -4.843E0; 7.628E-2
7.340E0; -3.311E0; 7.661E-2; -3.243E0; 1.051E-1
7.373E0; -3.358E0; 6.960E-2; -1.397E0; -2.103E-1
7.407E0; -3.340E0; 6.790E-2; 5.492E-1; -5.094E-2
7.440E0; -3.267E0; 6.578E-2; 2.170E0; -6.366E-2
7.473E0; -3.125E0; 6.659E-2; 4.282E0; 2.419E-2
7.507E0; -2.940E0; 6.805E-2; 5.549E0; 4.395E-2
7.540E0; -2.714E0; 7.065E-2; 6.760E0; 7.783E-2
7.573E0; -2.449E0; 6.939E-2; 7.961E0; -3.763E-2
7.607E0; -2.151E0; 6.348E-2; 8.940E0; -1.773E-1
7.640E0; -1.814E0; 6.743E-2; 1.010E1; 1.183E-1
7.673E0; -1.448E0; 6.042E-2; 1.099E1; -2.101E-1
7.707E0; -1.071E0; 5.714E-2; 1.130E1; -9.845E-2
7.740E0; -6.733E-1; 5.037E-2; 1.195E1; -2.033E-1
7.773E0; -2.682E-1; 4.675E-2; 1.215E1; -1.084E-1
7.807E0; 1.267E-1; 3.979E-2; 1.185E1; -2.088E-1
7.840E0; 5.289E-1; 3.873E-2; 1.206E1; -3.195E-2
7.873E0; 9.172E-1; 2.978E-2; 1.165E1; -2.685E-1
7.907E0; 1.291E0; 2.710E-2; 1.123E1; -8.048E-2
7.940E0; 1.642E0; 2.446E-2; 1.050E1; -7.905E-2
7.973E0; 1.968E0; 2.206E-2; 9.793E0; -7.204E-2
8.007E0; 2.258E0; 2.424E-2; 8.688E0; 6.544E-2
8.040E0; 2.505E0; 2.310E-2; 7.437E0; -3.410E-2
8.073E0; 2.707E0; 1.652E-2; 6.037E0; -1.976E-1
8.107E0; 2.870E0; 1.949E-2; 4.912E0; 8.913E-2
8.140E0; 2.983E0; 2.148E-2; 3.370E0; 5.985E-2
8.173E0; 3.046E0; 1.661E-2; 1.897E0; -1.462E-1
8.207E0; 3.052E0; 1.975E-2; 1.927E-1; 9.435E-2
8.240E0; 3.025E0; 1.529E-2; -8.330E-1; -1.339E-1
8.273E0; 2.938E0; 2.582E-2; -2.595E0; 3.158E-1
8.307E0; 2.799E0; 2.688E-2; -4.179E0; 3.198E-2
8.340E0; 2.624E0; 3.939E-2; -5.252E0; 3.752E-1
8.373E0; 2.392E0; 3.471E-2; -6.942E0; -1.403E-1
8.407E0; 2.126E0; 3.590E-2; -7.988E0; 3.549E-2
8.440E0; 1.818E0; 4.146E-2; -9.248E0; 1.670E-1
8.473E0; 1.483E0; 4.074E-2; -1.004E1; -2.165E-2
8.507E0; 1.127E0; 4.698E-2; -1.068E1; 1.871E-1
8.540E0; 7.474E-1; 3.901E-2; -1.139E1; -2.390E-1
8.573E0; 3.585E-1; 4.268E-2; -1.167E1; 1.101E-1
8.607E0; -4.079E-2; 4.757E-2; -1.198E1; 1.468E-1
8.640E0; -4.375E-1; 4.719E-2; -1.190E1; -1.139E-2
8.673E0; -8.281E-1; 5.070E-2; -1.172E1; 1.051E-1
8.707E0; -1.211E0; 6.729E-2; -1.149E1; 4.979E-1
8.740E0; -1.575E0; 7.428E-2; -1.091E1; 2.096E-1
8.773E0; -1.918E0; 7.833E-2; -1.029E1; 1.215E-1
8.807E0; -2.232E0; 7.751E-2; -9.430E0; -2.453E-2
8.840E0; -2.503E0; 7.975E-2; -8.127E0; 6.728E-2
8.873E0; -2.742E0; 8.985E-2; -7.164E0; 3.030E-1
8.907E0; -2.932E0; 8.445E-2; -5.698E0; -1.622E-1
8.940E0; -3.073E0; 8.877E-2; -4.238E0; 1.298E-1
8.973E0; -3.176E0; 8.962E-2; -3.094E0; 2.534E-2
9.007E0; -3.223E0; 8.606E-2; -1.392E0; -1.069E-1
9.042E0; -3.192E0; 8.901E-2; 8.723E-1; 8.455E-2
9.075E0; -3.099E0; 8.762E-2; 2.798E0; -4.171E-2
9.108E0; -2.962E0; 8.885E-2; 4.105E0; 3.666E-2
9.142E0; -2.784E0; 8.890E-2; 5.344E0; 1.592E-3
9.175E0; -2.559E0; 8.402E-2; 6.760E0; -1.463E-1
9.208E0; -2.299E0; 8.596E-2; 7.788E0; 5.806E-2
9.242E0; -2.002E0; 8.565E-2; 8.911E0; -9.352E-3
9.275E0; -1.681E0; 8.039E-2; 9.614E0; -1.576E-1
9.308E0; -1.332E0; 7.408E-2; 1.048E1; -1.893E-1
9.342E0; -9.675E-1; 7.191E-2; 1.094E1; -6.527E-2
9.375E0; -5.838E-1; 5.799E-2; 1.151E1; -4.174E-1
9.408E0; -2.005E-1; 5.083E-2; 1.150E1; -2.149E-1
9.442E0; 1.841E-1; 5.520E-2; 1.154E1; 1.312E-1
9.475E0; 5.591E-1; 5.263E-2; 1.125E1; -7.703E-2
9.508E0; 9.280E-1; 4.228E-2; 1.107E1; -3.106E-1
9.542E0; 1.280E0; 4.003E-2; 1.055E1; -6.751E-2
9.575E0; 1.614E0; 3.283E-2; 1.002E1; -2.160E-1
9.608E0; 1.919E0; 3.685E-2; 9.158E0; 1.206E-1
9.642E0; 2.197E0; 3.391E-2; 8.332E0; -8.824E-2
9.675E0; 2.428E0; 3.129E-2; 6.943E0; -7.851E-2
9.708E0; 2.617E0; 3.224E-2; 5.667E0; 2.848E-2
9.742E0; 2.763E0; 2.449E-2; 4.366E0; -2.328E-1
9.775E0; 2.861E0; 2.546E-2; 2.949E0; 2.938E-2
9.808E0; 2.911E0; 2.548E-2; 1.504E0; 5.531E-4
9.842E0; 2.922E0; 2.600E-2; 3.309E-1; 1.552E-2
9.875E0; 2.888E0; 2.239E-2; -1.017E0; -1.082E-1
9.908E0; 2.809E0; 2.920E-2; -2.392E0; 2.042E-1
9.942E0; 2.688E0; 2.889E-2; -3.632E0; -9.241E-3
9.975E0; 2.511E0; 3.856E-2; -5.283E0; 2.899E-1
1.001E1; 2.297E0; 4.087E-2; -6.438E0; 6.933E-2
1.004E1; 2.046E0; 3.807E-2; -7.522E0; -8.387E-2
1.008E1; 1.754E0; 4.831E-2; -8.767E0; 3.073E-1
1.011E1; 1.440E0; 4.808E-2; -9.420E0; -6.897E-3
1.014E1; 1.098E0; 4.691E-2; -1.025E1; -3.528E-2
1.018E1; 7.399E-1; 4.832E-2; -1.075E1; 4.228E-2
1.021E1; 3.635E-1; 5.354E-2; -1.129E1; 1.566E-1
1.024E1; -1.327E-2; 5.697E-2; -1.130E1; 1.029E-1
1.028E1; -3.952E-1; 6.237E-2; -1.146E1; 1.621E-1
1.031E1; -7.699E-1; 6.143E-2; -1.124E1; -2.805E-2
1.034E1; -1.135E0; 7.307E-2; -1.094E1; 3.491E-1
1.038E1; -1.487E0; 7.687E-2; -1.058E1; 1.140E-1
1.041E1; -1.809E0; 7.949E-2; -9.650E0; 7.856E-2
1.044E1; -2.106E0; 8.014E-2; -8.920E0; 1.957E-2
1.048E1; -2.369E0; 8.788E-2; -7.869E0; 2.321E-1
1.051E1; -2.599E0; 9.080E-2; -6.922E0; 8.760E-2
1.054E1; -2.782E0; 9.263E-2; -5.492E0; 5.498E-2
1.058E1; -2.925E0; 9.114E-2; -4.283E0; -4.480E-2
1.061E1; -3.016E0; 9.008E-2; -2.734E0; -3.178E-2
1.064E1; -3.065E0; 8.627E-2; -1.460E0; -1.142E-1
1.068E1; -3.066E0; 9.163E-2; -2.661E-2; 1.609E-1
1.071E1; -3.024E0; 8.798E-2; 1.267E0; -1.096E-1
1.074E1; -2.940E0; 8.845E-2; 2.510E0; 1.405E-2
1.078E1; -2.815E0; 8.721E-2; 3.749E0; -3.708E-2
1.081E1; -2.635E0; 8.275E-2; 5.401E0; -1.338E-1
1.084E1; -2.420E0; 8.348E-2; 6.451E0; 2.168E-2
1.088E1; -2.171E0; 8.227E-2; 7.485E0; -3.606E-2
1.091E1; -1.890E0; 8.293E-2; 8.428E0; 1.969E-2
1.094E1; -1.576E0; 8.019E-2; 9.417E0; -8.213E-2
1.098E1; -1.240E0; 7.295E-2; 1.006E1; -2.173E-1
1.101E1; -8.880E-1; 6.852E-2; 1.057E1; -1.327E-1
1.104E1; -5.288E-1; 6.339E-2; 1.078E1; -1.541E-1
1.108E1; -1.584E-1; 6.028E-2; 1.111E1; -9.333E-2
1.111E1; 2.036E-1; 5.942E-2; 1.086E1; -2.562E-2
1.114E1; 5.588E-1; 4.731E-2; 1.066E1; -3.635E-1
1.118E1; 9.125E-1; 4.435E-2; 1.061E1; -8.878E-2
1.121E1; 1.247E0; 4.500E-2; 1.004E1; 1.962E-2
1.124E1; 1.556E0; 3.722E-2; 9.264E0; -2.335E-1
1.128E1; 1.842E0; 4.016E-2; 8.174E0; 8.398E-2
1.131E1; 2.089E0; 3.542E-2; 7.417E0; -1.422E-1
1.134E1; 2.303E0; 3.026E-2; 6.417E0; -1.547E-1
1.138E1; 2.481E0; 2.180E-2; 5.347E0; -2.539E-1
1.141E1; 2.612E0; 2.585E-2; 3.914E0; 1.215E-1
1.144E1; 2.698E0; 1.996E-2; 2.597E0; -1.766E-1
1.148E1; 2.734E0; 1.864E-2; 1.082E0; -3.945E-2
1.151E1; 2.734E0; 1.728E-2; -1.424E-2; -4.100E-2
1.154E1; 2.681E0; 2.023E-2; -1.600E0; 8.862E-2
1.158E1; 2.583E0; 2.712E-2; -2.934E0; 2.066E-1
1.161E1; 2.436E0; 2.675E-2; -4.395E0; -1.091E-2
1.164E1; 2.251E0; 2.697E-2; -5.558E0; 6.418E-3
1.168E1; 2.026E0; 4.142E-2; -6.742E0; 4.336E-1
1.171E1; 1.766E0; 4.858E-2; -7.810E0; 2.149E-1
1.174E1; 1.478E0; 4.997E-2; -8.636E0; 4.159E-2
1.178E1; 1.167E0; 5.501E-2; -9.335E0; 1.510E-1
1.181E1; 8.317E-1; 4.161E-2; -1.006E1; -4.020E-1
1.184E1; 4.838E-1; 5.165E-2; -1.044E1; 3.012E-1
1.188E1; 1.278E-1; 5.441E-2; -1.068E1; 8.279E-2
1.191E1; -2.362E-1; 5.599E-2; -1.092E1; 4.736E-2
1.194E1; -6.008E-1; 5.084E-2; -1.094E1; -1.544E-1
1.198E1; -9.512E-1; 6.673E-2; -1.051E1; 4.766E-1
1.201E1; -1.290E0; 6.945E-2; -1.016E1; 8.181E-2
1.204E1; -1.612E0; 6.938E-2; -9.663E0; -2.176E-3
1.208E1; -1.907E0; 7.445E-2; -8.862E0; 1.521E-1
1.211E1; -2.176E0; 7.857E-2; -8.057E0; 1.235E-1
1.214E1; -2.406E0; 8.731E-2; -6.899E0; 2.622E-1
1.218E1; -2.596E0; 9.160E-2; -5.705E0; 1.289E-1
1.221E1; -2.747E0; 9.002E-2; -4.513E0; -4.755E-2
1.224E1; -2.852E0; 9.036E-2; -3.162E0; 1.014E-2
1.228E1; -2.919E0; 8.844E-2; -2.012E0; -5.739E-2
1.231E1; -2.918E0; 9.314E-2; 4.624E-2; 1.410E-1
1.234E1; -2.868E0; 9.155E-2; 1.481E0; -4.766E-2
1.238E1; -2.770E0; 9.627E-2; 2.939E0; 1.413E-1
1.241E1; -2.623E0; 9.673E-2; 4.405E0; 1.389E-2
1.244E1; -2.441E0; 1.006E-1; 5.472E0; 1.148E-1
1.248E1; -2.224E0; 9.051E-2; 6.503E0; -3.014E-1
1.251E1; -1.966E0; 9.038E-2; 7.752E0; -3.752E-3
1.254E1; -1.681E0; 8.751E-2; 8.552E0; -8.631E-2
1.258E1; -1.372E0; 8.005E-2; 9.250E0; -2.237E-1
1.261E1; -1.048E0; 7.246E-2; 9.726E0; -2.277E-1
1.264E1; -7.111E-1; 7.013E-2; 1.011E1; -6.992E-2
1.268E1; -3.616E-1; 6.380E-2; 1.048E1; -1.898E-1
1.271E1; -1.149E-2; 6.472E-2; 1.050E1; 2.750E-2
1.274E1; 3.332E-1; 5.505E-2; 1.034E1; -2.899E-1
1.278E1; 6.733E-1; 5.537E-2; 1.020E1; 9.451E-3
1.281E1; 1.000E0; 5.160E-2; 9.805E0; -1.130E-1
1.284E1; 1.309E0; 4.754E-2; 9.268E0; -1.218E-1
1.288E1; 1.590E0; 4.491E-2; 8.431E0; -7.888E-2
1.291E1; 1.850E0; 4.376E-2; 7.806E0; -3.451E-2
1.294E1; 2.075E0; 4.857E-2; 6.741E0; 1.443E-1
1.298E1; 2.261E0; 5.173E-2; 5.577E0; 9.476E-2
1.301E1; 2.412E0; 4.562E-2; 4.520E0; -1.832E-1
1.304E1; 2.516E0; 3.735E-2; 3.134E0; -2.482E-1
1.308E1; 2.586E0; 3.904E-2; 2.100E0; 5.050E-2
1.311E1; 2.609E0; 4.061E-2; 6.759E-1; 4.713E-2
1.314E1; 2.586E0; 3.952E-2; -6.844E-1; -3.264E-2
1.318E1; 2.515E0; 4.307E-2; -2.134E0; 1.065E-1
1.321E1; 2.404E0; 4.654E-2; -3.323E0; 1.040E-1
1.324E1; 2.252E0; 5.223E-2; -4.543E0; 1.707E-1
1.328E1; 2.065E0; 5.274E-2; -5.610E0; 1.547E-2
1.331E1; 1.837E0; 5.427E-2; -6.869E0; 4.594E-2
1.334E1; 1.577E0; 5.365E-2; -7.787E0; -1.870E-2
1.338E1; 1.300E0; 5.917E-2; -8.314E0; 1.656E-1
1.341E1; 9.943E-1; 6.017E-2; -9.166E0; 3.002E-2
1.344E1; 6.732E-1; 6.258E-2; -9.634E0; 7.220E-2
1.348E1; 3.348E-1; 6.315E-2; -1.015E1; 1.724E-2
1.351E1; -4.762E-3; 7.153E-2; -9.703E0; 2.393E-1
1.354E1; -3.529E-1; 6.799E-2; -1.044E1; -1.063E-1
1.358E1; -6.912E-1; 6.111E-2; -1.015E1; -2.063E-1
1.361E1; -1.023E0; 7.894E-2; -9.963E0; 5.350E-1
1.364E1; -1.336E0; 8.179E-2; -9.391E0; 8.530E-2
1.368E1; -1.636E0; 8.969E-2; -8.989E0; 2.372E-1
1.371E1; -1.911E0; 9.107E-2; -8.246E0; 4.124E-2
1.374E1; -2.155E0; 9.142E-2; -7.323E0; 1.041E-2
1.378E1; -2.361E0; 9.760E-2; -6.187E0; 1.857E-1
1.381E1; -2.529E0; 1.005E-1; -5.041E0; 8.583E-2
1.384E1; -2.655E0; 1.002E-1; -3.766E0; -9.115E-3
1.388E1; -2.743E0; 9.953E-2; -2.658E0; -1.890E-2
1.391E1; -2.785E0; 9.889E-2; -1.246E0; -1.922E-2
1.394E1; -2.781E0; 9.794E-2; 1.274E-1; -2.856E-2
1.398E1; -2.729E0; 9.261E-2; 1.535E0; -1.598E-1
1.401E1; -2.638E0; 9.597E-2; 2.737E0; 1.008E-1
1.404E1; -2.504E0; 1.014E-1; 4.036E0; 1.625E-1
1.408E1; -2.335E0; 9.480E-2; 5.056E0; -1.976E-1
1.411E1; -2.128E0; 9.362E-2; 6.225E0; -3.542E-2
1.414E1; -1.887E0; 9.202E-2; 7.214E0; -4.808E-2
1.418E1; -1.617E0; 9.131E-2; 8.089E0; -2.122E-2
1.421E1; -1.327E0; 8.474E-2; 8.706E0; -1.973E-1
1.424E1; -1.018E0; 7.992E-2; 9.291E0; -1.444E-1
1.428E1; -6.970E-1; 7.131E-2; 9.617E0; -2.583E-1
1.431E1; -3.678E-1; 7.435E-2; 9.875E0; 9.101E-2
1.434E1; -3.562E-2; 7.162E-2; 9.966E0; -8.174E-2
1.438E1; 2.968E-1; 6.192E-2; 9.972E0; -2.912E-1
1.441E1; 6.137E-1; 6.360E-2; 9.509E0; 5.048E-2
1.444E1; 9.288E-1; 5.843E-2; 9.453E0; -1.550E-1
1.448E1; 1.219E0; 5.673E-2; 8.695E0; -5.090E-2
1.451E1; 1.489E0; 5.746E-2; 8.096E0; 2.177E-2
1.454E1; 1.733E0; 5.107E-2; 7.323E0; -1.918E-1
1.458E1; 1.950E0; 4.917E-2; 6.531E0; -5.680E-2
1.461E1; 2.131E0; 4.158E-2; 5.405E0; -2.278E-1
1.464E1; 2.268E0; 4.261E-2; 4.129E0; 3.106E-2
1.468E1; 2.373E0; 3.525E-2; 3.155E0; -2.208E-1
1.471E1; 2.434E0; 5.086E-2; 1.832E0; 4.682E-1
1.474E1; 2.465E0; 4.667E-2; 9.256E-1; -1.258E-1
1.478E1; 2.451E0; 4.627E-2; -4.238E-1; -1.186E-2
1.481E1; 2.401E0; 4.934E-2; -1.495E0; 9.204E-2
1.484E1; 2.311E0; 5.320E-2; -2.717E0; 1.159E-1
1.488E1; 2.185E0; 5.121E-2; -3.767E0; -5.995E-2
1.491E1; 2.020E0; 5.291E-2; -4.949E0; 5.119E-2
1.494E1; 1.820E0; 5.659E-2; -5.997E0; 1.104E-1
1.498E1; 1.583E0; 5.621E-2; -7.106E0; -1.149E-2
1.501E1; 1.334E0; 5.942E-2; -7.488E0; 9.633E-2
1.504E1; 1.050E0; 6.869E-2; -8.522E0; 2.782E-1
1.508E1; 7.485E-1; 7.040E-2; -9.037E0; 5.110E-2
1.511E1; 4.423E-1; 7.086E-2; -9.187E0; 1.404E-2
1.514E1; 1.216E-1; 7.030E-2; -9.620E0; -1.699E-2
1.518E1; -2.105E-1; 7.873E-2; -9.964E0; 2.529E-1
1.521E1; -5.355E-1; 7.885E-2; -9.750E0; 3.533E-3
1.524E1; -8.541E-1; 8.361E-2; -9.559E0; 1.430E-1
1.528E1; -1.161E0; 9.228E-2; -9.194E0; 2.601E-1
1.531E1; -1.451E0; 9.882E-2; -8.715E0; 1.960E-1
1.534E1; -1.717E0; 1.007E-1; -7.970E0; 5.565E-2
1.538E1; -1.960E0; 1.070E-1; -7.291E0; 1.893E-1
1.541E1; -2.171E0; 1.067E-1; -6.322E0; -9.066E-3
1.544E1; -2.343E0; 1.055E-1; -5.175E0; -3.649E-2
1.548E1; -2.481E0; 1.055E-1; -4.126E0; 2.565E-3
1.551E1; -2.576E0; 1.060E-1; -2.877E0; 1.363E-2
1.554E1; -2.629E0; 1.093E-1; -1.581E0; 9.793E-2
1.558E1; -2.635E0; 1.051E-1; -1.745E-1; -1.238E-1
1.561E1; -2.587E0; 1.097E-1; 1.441E0; 1.353E-1
1.564E1; -2.498E0; 1.009E-1; 2.676E0; -2.612E-1
1.568E1; -2.373E0; 1.035E-1; 3.737E0; 7.792E-2
1.571E1; -2.216E0; 1.001E-1; 4.705E0; -1.028E-1
1.574E1; -2.014E0; 1.011E-1; 6.061E0; 3.051E-2
1.578E1; -1.782E0; 9.702E-2; 6.630E0; -1.175E-1
1.581E1; -1.541E0; 8.569E-2; 7.233E0; -3.401E-1
1.585E1; -1.264E0; 8.365E-2; 8.318E0; -6.096E-2
1.588E1; -9.679E-1; 7.994E-2; 8.882E0; -1.113E-1
1.591E1; -6.599E-1; 7.774E-2; 9.238E0; -6.612E-2
1.595E1; -3.437E-1; 7.278E-2; 9.487E0; -1.487E-1
1.598E1; -3.071E-2; 7.331E-2; 9.390E0; 1.578E-2
1.601E1; 2.795E-1; 6.555E-2; 9.307E0; -2.329E-1
1.605E1; 5.856E-1; 5.505E-2; 9.182E0; -3.150E-1
1.608E1; 8.809E-1; 5.339E-2; 8.858E0; -4.981E-2
1.611E1; 1.158E0; 5.425E-2; 8.313E0; 2.573E-2
1.615E1; 1.411E0; 5.044E-2; 7.595E0; -1.142E-1
1.618E1; 1.635E0; 4.859E-2; 6.711E0; -5.554E-2
1.621E1; 1.843E0; 5.297E-2; 6.249E0; 1.315E-1
1.625E1; 2.013E0; 4.901E-2; 5.108E0; -1.189E-1
1.628E1; 2.146E0; 3.977E-2; 3.967E0; -2.771E-1
1.631E1; 2.243E0; 4.599E-2; 2.911E0; 1.865E-1
1.635E1; 2.299E0; 4.767E-2; 1.680E0; 5.056E-2
1.638E1; 2.318E0; 4.271E-2; 5.819E-1; -1.488E-1
1.641E1; 2.304E0; 3.978E-2; -4.072E-1; -8.815E-2
1.645E1; 2.238E0; 4.433E-2; -1.999E0; 1.366E-1
1.648E1; 2.141E0; 4.658E-2; -2.901E0; 6.756E-2
1.651E1; 2.002E0; 4.739E-2; -4.158E0; 2.424E-2
1.655E1; 1.829E0; 4.948E-2; -5.219E0; 6.286E-2
1.658E1; 1.625E0; 4.331E-2; -6.102E0; -1.851E-1
1.661E1; 1.398E0; 5.362E-2; -6.810E0; 3.092E-1
1.665E1; 1.144E0; 5.395E-2; -7.634E0; 9.766E-3
1.668E1; 8.728E-1; 5.160E-2; -8.125E0; -7.038E-2
1.671E1; 5.821E-1; 5.583E-2; -8.721E0; 1.269E-1
1.675E1; 2.860E-1; 6.154E-2; -8.882E0; 1.713E-1
1.678E1; -2.516E-2; 7.143E-2; -9.336E0; 2.967E-1
1.681E1; -3.390E-1; 6.478E-2; -9.414E0; -1.994E-1
1.685E1; -6.417E-1; 7.091E-2; -9.083E0; 1.839E-1
1.688E1; -9.372E-1; 8.202E-2; -8.864E0; 3.332E-1
1.691E1; -1.222E0; 8.695E-2; -8.536E0; 1.479E-1
1.695E1; -1.489E0; 8.471E-2; -8.010E0; -6.710E-2
1.698E1; -1.727E0; 9.931E-2; -7.148E0; 4.380E-1
1.701E1; -1.949E0; 9.615E-2; -6.652E0; -9.491E-2
1.705E1; -2.134E0; 1.010E-1; -5.548E0; 1.450E-1
1.708E1; -2.283E0; 9.816E-2; -4.490E0; -8.456E-2
1.711E1; -2.393E0; 9.976E-2; -3.284E0; 4.802E-2
1.715E1; -2.465E0; 9.961E-2; -2.156E0; -4.563E-3
1.718E1; -2.499E0; 9.848E-2; -1.039E0; -3.405E-2
1.721E1; -2.488E0; 9.710E-2; 3.437E-1; -4.119E-2
1.725E1; -2.432E0; 9.820E-2; 1.680E0; 3.291E-2
1.728E1; -2.339E0; 9.943E-2; 2.790E0; 3.677E-2
1.731E1; -2.210E0; 9.444E-2; 3.865E0; -1.496E-1
1.735E1; -2.050E0; 9.412E-2; 4.792E0; -9.729E-3
1.738E1; -1.853E0; 9.528E-2; 5.923E0; 3.499E-2
1.741E1; -1.628E0; 9.628E-2; 6.752E0; 2.989E-2
1.745E1; -1.378E0; 9.042E-2; 7.500E0; -1.757E-1
1.748E1; -1.119E0; 8.963E-2; 7.761E0; -2.394E-2
1.751E1; -8.387E-1; 8.553E-2; 8.412E0; -1.229E-1
1.755E1; -5.477E-1; 7.291E-2; 8.730E0; -3.786E-1
1.758E1; -2.480E-1; 7.039E-2; 8.991E0; -7.557E-2
1.761E1; 4.708E-2; 7.508E-2; 8.853E0; 1.407E-1
1.765E1; 3.393E-1; 6.918E-2; 8.766E0; -1.769E-1
1.768E1; 6.239E-1; 6.287E-2; 8.538E0; -1.892E-1
1.771E1; 9.007E-1; 5.576E-2; 8.304E0; -2.133E-1
1.775E1; 1.155E0; 5.746E-2; 7.628E0; 5.102E-2
1.778E1; 1.391E0; 5.222E-2; 7.077E0; -1.573E-1
1.781E1; 1.600E0; 5.168E-2; 6.262E0; -1.627E-2
1.785E1; 1.785E0; 5.109E-2; 5.554E0; -1.768E-2
1.788E1; 1.946E0; 5.695E-2; 4.837E0; 1.758E-1
1.791E1; 2.054E0; 4.562E-2; 3.241E0; -3.400E-1
1.795E1; 2.138E0; 4.527E-2; 2.507E0; -1.023E-2
1.798E1; 2.175E0; 4.658E-2; 1.127E0; 3.915E-2
1.801E1; 2.174E0; 4.663E-2; -2.271E-2; 1.623E-3
1.805E1; 2.128E0; 4.804E-2; -1.317E0; 4.009E-2
1.808E1; 2.052E0; 4.754E-2; -2.283E0; -1.501E-2
1.812E1; 1.932E0; 5.058E-2; -3.602E0; 9.121E-2
1.815E1; 1.778E0; 5.541E-2; -4.628E0; 1.450E-1
1.818E1; 1.598E0; 5.339E-2; -5.397E0; -6.058E-2
1.822E1; 1.395E0; 6.096E-2; -6.093E0; 2.271E-1
1.825E1; 1.162E0; 6.060E-2; -6.993E0; -1.092E-2
1.828E1; 9.138E-1; 6.640E-2; -7.439E0; 1.740E-1
1.832E1; 6.385E-1; 6.887E-2; -8.256E0; 7.435E-2
1.835E1; 3.596E-1; 6.782E-2; -8.369E0; -3.173E-2
1.838E1; 7.272E-2; 7.190E-2; -8.606E0; 1.224E-1
1.842E1; -2.203E-1; 7.692E-2; -8.790E0; 1.507E-1
1.845E1; -5.113E-1; 7.320E-2; -8.731E0; -1.117E-1
1.848E1; -7.932E-1; 8.394E-2; -8.456E0; 3.223E-1
1.852E1; -1.064E0; 8.508E-2; -8.129E0; 3.427E-2
1.855E1; -1.320E0; 9.222E-2; -7.676E0; 2.140E-1
1.858E1; -1.560E0; 1.019E-1; -7.213E0; 2.895E-1
1.862E1; -1.774E0; 1.030E-1; -6.393E0; 3.273E-2
1.865E1; -1.957E0; 9.865E-2; -5.503E0; -1.294E-1
1.868E1; -2.118E0; 1.019E-1; -4.828E0; 9.687E-2
1.872E1; -2.235E0; 9.820E-2; -3.513E0; -1.103E-1
1.875E1; -2.313E0; 1.027E-1; -2.336E0; 1.346E-1
1.878E1; -2.358E0; 1.017E-1; -1.357E0; -2.897E-2
1.882E1; -2.369E0; 1.006E-1; -3.295E-1; -3.414E-2
1.885E1; -2.358E0; 9.947E-2; 3.452E-1; -3.351E-2
1.888E1; -2.317E0; 1.017E-1; 1.231E0; 6.698E-2
1.892E1; -2.240E0; 1.032E-1; 2.297E0; 4.500E-2
1.895E1; -2.125E0; 1.022E-1; 3.451E0; -3.010E-2
1.898E1; -1.978E0; 1.006E-1; 4.412E0; -4.822E-2
1.902E1; -1.799E0; 1.007E-1; 5.378E0; 4.320E-3
1.905E1; -1.589E0; 9.559E-2; 6.282E0; -1.542E-1
1.908E1; -1.361E0; 9.182E-2; 6.842E0; -1.133E-1
1.912E1; -1.117E0; 9.021E-2; 7.322E0; -4.836E-2
1.915E1; -8.547E-1; 7.621E-2; 7.873E0; -4.200E-1
1.918E1; -5.819E-1; 7.380E-2; 8.185E0; -7.222E-2
1.922E1; -3.020E-1; 7.350E-2; 8.397E0; -8.846E-3
1.925E1; -2.266E-2; 7.222E-2; 8.379E0; -3.836E-2
1.928E1; 2.584E-1; 6.250E-2; 8.431E0; -2.918E-1
1.932E1; 5.262E-1; 5.738E-2; 8.033E0; -1.535E-1
1.935E1; 7.867E-1; 5.556E-2; 7.817E0; -5.458E-2
1.938E1; 1.030E0; 5.794E-2; 7.286E0; 7.131E-2
1.942E1; 1.260E0; 6.151E-2; 6.903E0; 1.073E-1
1.945E1; 1.464E0; 4.902E-2; 6.137E0; -3.748E-1
1.948E1; 1.632E0; 5.162E-2; 5.028E0; 7.806E-2
1.952E1; 1.782E0; 5.824E-2; 4.499E0; 1.985E-1
1.955E1; 1.907E0; 5.098E-2; 3.743E0; -2.177E-1
1.958E1; 1.991E0; 5.116E-2; 2.542E0; 5.210E-3
1.962E1; 2.037E0; 4.668E-2; 1.369E0; -1.343E-1
1.965E1; 2.044E0; 5.307E-2; 2.245E-1; 1.915E-1
1.968E1; 2.017E0; 5.353E-2; -8.321E-1; 1.394E-2
1.972E1; 1.948E0; 5.700E-2; -2.048E0; 1.040E-1
1.975E1; 1.845E0; 5.706E-2; -3.099E0; 1.945E-3
1.978E1; 1.712E0; 5.537E-2; -4.005E0; -5.067E-2
1.982E1; 1.549E0; 5.524E-2; -4.886E0; -3.908E-3
1.985E1; 1.367E0; 5.266E-2; -5.445E0; -7.732E-2
1.988E1; 1.157E0; 5.993E-2; -6.295E0; 2.179E-1
1.992E1; 9.255E-1; 6.663E-2; -6.960E0; 2.012E-1
1.995E1; 6.752E-1; 6.550E-2; -7.507E0; -3.397E-2
1.998E1; 4.142E-1; 7.108E-2; -7.831E0; 1.674E-1
2.002E1; 1.451E-1; 7.554E-2; -8.074E0; 1.337E-1
2.005E1; -1.298E-1; 8.274E-2; -8.246E0; 2.160E-1
2.008E1; -4.035E-1; 7.763E-2; -8.210E0; -1.532E-1
2.012E1; -6.711E-1; 7.846E-2; -8.030E0; 2.494E-2
2.015E1; -9.308E-1; 8.164E-2; -7.791E0; 9.521E-2
2.018E1; -1.181E0; 9.112E-2; -7.510E0; 2.845E-1
2.022E1; -1.408E0; 9.324E-2; -6.815E0; 6.376E-2
2.025E1; -1.616E0; 9.853E-2; -6.245E0; 1.586E-1
2.028E1; -1.804E0; 9.698E-2; -5.617E0; -4.645E-2
2.032E1; -1.957E0; 9.708E-2; -4.371E0; 2.786E-3
2.035E1; -2.076E0; 9.460E-2; -3.568E0; -7.422E-2
2.038E1; -2.165E0; 9.638E-2; -2.677E0; 5.320E-2
2.042E1; -2.217E0; 9.508E-2; -1.560E0; -3.898E-2
2.045E1; -2.222E0; 9.566E-2; -1.647E-1; 1.744E-2
2.048E1; -2.183E0; 9.265E-2; 1.191E0; -9.029E-2
2.052E1; -2.104E0; 9.427E-2; 2.369E0; 4.875E-2
2.055E1; -1.999E0; 9.856E-2; 3.148E0; 1.286E-1
2.058E1; -1.855E0; 9.601E-2; 4.299E0; -7.650E-2
2.062E1; -1.684E0; 9.397E-2; 5.141E0; -6.106E-2
2.065E1; -1.491E0; 9.100E-2; 5.800E0; -8.928E-2
2.068E1; -1.273E0; 9.001E-2; 6.527E0; -2.977E-2
2.072E1; -1.039E0; 8.451E-2; 7.024E0; -1.648E-1
2.075E1; -7.911E-1; 8.106E-2; 7.439E0; -1.037E-1
2.078E1; -5.325E-1; 7.828E-2; 7.759E0; -8.320E-2
2.082E1; -2.712E-1; 7.302E-2; 7.839E0; -1.578E-1
2.085E1; -8.412E-3; 6.964E-2; 7.883E0; -1.014E-1
2.088E1; 2.542E-1; 6.068E-2; 7.879E0; -2.689E-1
2.092E1; 5.065E-1; 6.132E-2; 7.569E0; 1.916E-2
2.095E1; 7.498E-1; 5.769E-2; 7.297E0; -1.087E-1
2.098E1; 9.812E-1; 5.837E-2; 6.944E0; 2.028E-2
2.102E1; 1.193E0; 5.697E-2; 6.368E0; -4.201E-2
2.105E1; 1.380E0; 4.757E-2; 5.598E0; -2.819E-1
2.108E1; 1.542E0; 5.008E-2; 4.849E0; 7.508E-2
2.112E1; 1.677E0; 5.418E-2; 4.068E0; 1.232E-1
2.115E1; 1.785E0; 5.267E-2; 3.229E0; -4.545E-2
2.118E1; 1.869E0; 5.584E-2; 2.512E0; 9.533E-2
2.122E1; 1.925E0; 4.991E-2; 1.674E0; -1.781E-1
2.125E1; 1.938E0; 5.379E-2; 3.928E-1; 1.164E-1
2.128E1; 1.914E0; 5.637E-2; -7.213E-1; 7.741E-2
2.132E1; 1.839E0; 5.926E-2; -2.222E0; 8.679E-2
2.135E1; 1.746E0; 5.556E-2; -2.793E0; -1.111E-1
2.138E1; 1.634E0; 5.660E-2; -3.375E0; 3.125E-2
2.142E1; 1.499E0; 6.298E-2; -4.053E0; 1.914E-1
2.145E1; 1.327E0; 6.639E-2; -5.147E0; 1.025E-1
2.148E1; 1.132E0; 7.285E-2; -5.850E0; 1.938E-1
2.152E1; 9.174E-1; 7.085E-2; -6.445E0; -5.992E-2
2.155E1; 6.905E-1; 7.065E-2; -6.807E0; -6.106E-3
2.158E1; 4.447E-1; 8.459E-2; -7.373E0; 4.183E-1
2.162E1; 1.957E-1; 8.469E-2; -7.470E0; 2.785E-3
2.165E1; -6.179E-2; 8.598E-2; -7.726E0; 3.885E-2
2.168E1; -3.231E-1; 8.744E-2; -7.840E0; 4.370E-2
2.172E1; -5.759E-1; 9.006E-2; -7.585E0; 7.863E-2
2.175E1; -8.237E-1; 9.159E-2; -7.433E0; 4.598E-2
2.178E1; -1.061E0; 9.964E-2; -7.107E0; 2.413E-1
2.182E1; -1.280E0; 9.805E-2; -6.578E0; -4.753E-2
2.185E1; -1.484E0; 1.022E-1; -6.121E0; 1.255E-1
2.188E1; -1.665E0; 1.039E-1; -5.437E0; 5.052E-2
2.192E1; -1.816E0; 1.071E-1; -4.527E0; 9.653E-2
2.195E1; -1.940E0; 9.971E-2; -3.719E0; -2.226E-1
2.198E1; -2.029E0; 9.927E-2; -2.684E0; -1.322E-2
2.202E1; -2.077E0; 1.007E-1; -1.441E0; 4.182E-2
2.205E1; -2.097E0; 1.011E-1; -5.789E-1; 1.240E-2
2.208E1; -2.078E0; 1.001E-1; 5.564E-1; -2.847E-2
2.212E1; -2.030E0; 1.019E-1; 1.461E0; 5.274E-2
2.215E1; -1.943E0; 1.018E-1; 2.601E0; -3.563E-3
2.218E1; -1.829E0; 9.946E-2; 3.426E0; -6.926E-2
2.222E1; -1.676E0; 9.947E-2; 4.582E0; 1.906E-4
2.225E1; -1.505E0; 9.973E-2; 5.136E0; 7.765E-3
2.228E1; -1.310E0; 9.809E-2; 5.834E0; -4.918E-2
2.232E1; -1.101E0; 9.913E-2; 6.288E0; 3.140E-2
2.235E1; -8.721E-1; 8.223E-2; 6.855E0; -5.070E-1
2.238E1; -6.351E-1; 8.953E-2; 7.111E0; 2.187E-1
2.242E1; -3.894E-1; 7.793E-2; 7.372E0; -3.480E-1
2.245E1; -1.433E-1; 7.647E-2; 7.381E0; -4.372E-2
2.248E1; 1.021E-1; 7.732E-2; 7.363E0; 2.551E-2
2.252E1; 3.449E-1; 7.336E-2; 7.284E0; -1.189E-1
2.255E1; 5.775E-1; 6.789E-2; 6.978E0; -1.640E-1
2.258E1; 8.005E-1; 5.871E-2; 6.371E0; -2.624E-1
2.262E1; 1.004E0; 6.064E-2; 6.103E0; 5.783E-2
2.265E1; 1.193E0; 6.261E-2; 5.669E0; 5.919E-2
2.268E1; 1.357E0; 5.659E-2; 4.935E0; -1.806E-1
2.272E1; 1.495E0; 5.374E-2; 4.125E0; -8.547E-2
2.275E1; 1.603E0; 5.372E-2; 3.254E0; -6.980E-4
2.278E1; 1.686E0; 5.342E-2; 2.475E0; -8.936E-3
2.282E1; 1.744E0; 5.029E-2; 1.731E0; -9.382E-2
2.285E1; 1.777E0; 4.869E-2; 1.002E0; -4.798E-2
2.288E1; 1.781E0; 5.013E-2; 1.363E-1; 4.317E-2
2.292E1; 1.757E0; 5.244E-2; -7.390E-1; 6.929E-2
2.295E1; 1.709E0; 5.248E-2; -1.427E0; 1.130E-3
2.298E1; 1.643E0; 4.867E-2; -1.990E0; -1.143E-1
2.302E1; 1.543E0; 5.150E-2; -2.996E0; 8.516E-2
2.305E1; 1.418E0; 5.322E-2; -3.759E0; 5.135E-2
2.308E1; 1.272E0; 6.282E-2; -4.372E0; 2.881E-1
2.312E1; 1.099E0; 6.823E-2; -5.202E0; 1.622E-1
2.315E1; 9.047E-1; 6.752E-2; -5.817E0; -2.124E-2
2.318E1; 6.928E-1; 7.287E-2; -6.356E0; 1.606E-1
2.322E1; 4.698E-1; 8.217E-2; -6.690E0; 2.789E-1
2.325E1; 2.346E-1; 8.974E-2; -7.056E0; 2.272E-1
2.328E1; -1.065E-2; 8.940E-2; -7.358E0; -1.023E-2
2.332E1; -2.470E-1; 8.910E-2; -7.090E0; -8.892E-3
2.335E1; -4.873E-1; 8.800E-2; -7.210E0; -3.300E-2
2.338E1; -7.178E-1; 8.949E-2; -6.915E0; 4.464E-2
2.342E1; -9.376E-1; 9.316E-2; -6.594E0; 1.100E-1
2.345E1; -1.154E0; 9.698E-2; -6.495E0; 1.146E-1
2.348E1; -1.344E0; 9.735E-2; -5.691E0; 1.118E-2
2.352E1; -1.517E0; 1.010E-1; -5.188E0; 1.097E-1
2.355E1; -1.666E0; 1.015E-1; -4.469E0; 1.574E-2
2.358E1; -1.796E0; 9.992E-2; -3.896E0; -4.838E-2
2.362E1; -1.889E0; 1.019E-1; -2.796E0; 5.962E-2
2.365E1; -1.946E0; 1.010E-1; -1.704E0; -2.723E-2
2.368E1; -1.968E0; 1.027E-1; -6.842E-1; 5.195E-2
2.372E1; -1.952E0; 1.007E-1; 4.917E-1; -6.088E-2
2.375E1; -1.904E0; 1.051E-1; 1.453E0; 1.333E-1
2.378E1; -1.822E0; 1.099E-1; 2.438E0; 1.437E-1
2.382E1; -1.698E0; 1.073E-1; 3.735E0; -7.854E-2
2.385E1; -1.559E0; 1.037E-1; 4.160E0; -1.100E-1
2.388E1; -1.395E0; 1.032E-1; 4.916E0; -1.332E-2
2.392E1; -1.216E0; 1.022E-1; 5.361E0; -2.983E-2
2.395E1; -1.017E0; 9.896E-2; 5.983E0; -9.781E-2
2.398E1; -8.064E-1; 9.496E-2; 6.320E0; -1.200E-1
2.402E1; -5.825E-1; 9.290E-2; 6.716E0; -6.157E-2
2.405E1; -3.567E-1; 9.324E-2; 6.775E0; 1.013E-2
2.408E1; -1.279E-1; 9.209E-2; 6.863E0; -3.453E-2
2.412E1; 1.048E-1; 8.961E-2; 6.980E0; -7.441E-2
2.415E1; 3.284E-1; 7.742E-2; 6.708E0; -3.658E-1
2.418E1; 5.472E-1; 7.477E-2; 6.565E0; -7.936E-2
2.422E1; 7.515E-1; 7.000E-2; 6.130E0; -1.432E-1
2.425E1; 9.420E-1; 6.792E-2; 5.715E0; -6.222E-2
2.428E1; 1.116E0; 6.869E-2; 5.221E0; 2.310E-2
2.432E1; 1.270E0; 6.350E-2; 4.632E0; -1.559E-1
2.435E1; 1.395E0; 5.693E-2; 3.734E0; -1.970E-1
2.438E1; 1.493E0; 5.836E-2; 2.954E0; 4.285E-2
2.442E1; 1.565E0; 5.106E-2; 2.157E0; -2.188E-1
2.445E1; 1.611E0; 5.253E-2; 1.366E0; 4.400E-2
2.448E1; 1.632E0; 5.769E-2; 6.369E-1; 1.549E-1
2.452E1; 1.619E0; 5.750E-2; -3.761E-1; -5.918E-3
2.455E1; 1.593E0; 5.741E-2; -7.947E-1; -2.715E-3
2.458E1; 1.529E0; 6.195E-2; -1.912E0; 1.364E-1
2.462E1; 1.445E0; 6.120E-2; -2.516E0; -2.249E-2
2.465E1; 1.334E0; 6.094E-2; -3.341E0; -7.869E-3
2.468E1; 1.195E0; 6.565E-2; -4.166E0; 1.415E-1
2.472E1; 1.032E0; 7.068E-2; -4.905E0; 1.507E-1
2.475E1; 8.517E-1; 6.405E-2; -5.401E0; -1.987E-1
2.478E1; 6.582E-1; 6.639E-2; -5.804E0; 7.004E-2
2.482E1; 4.485E-1; 7.569E-2; -6.290E0; 2.791E-1
2.485E1; 2.306E-1; 7.745E-2; -6.228E0; 5.034E-2
2.489E1; 7.467E-3; 8.765E-2; -6.693E0; 3.058E-1
2.492E1; -2.162E-1; 8.388E-2; -6.709E0; -1.129E-1
2.495E1; -4.370E-1; 8.824E-2; -6.626E0; 1.306E-1
2.499E1; -6.534E-1; 8.832E-2; -6.490E0; 2.496E-3
2.502E1; -8.642E-1; 9.340E-2; -6.325E0; 1.524E-1
2.505E1; -1.061E0; 9.354E-2; -5.900E0; 4.331E-3
2.509E1; -1.244E0; 9.467E-2; -5.492E0; 3.380E-2
2.512E1; -1.407E0; 9.753E-2; -4.884E0; 8.589E-2
2.515E1; -1.552E0; 1.000E-1; -4.350E0; 7.400E-2
2.519E1; -1.669E0; 9.665E-2; -3.511E0; -1.003E-1
2.522E1; -1.764E0; 1.017E-1; -2.858E0; 1.528E-1
2.525E1; -1.829E0; 1.056E-1; -1.962E0; 1.162E-1
2.529E1; -1.862E0; 1.047E-1; -9.740E-1; -2.904E-2
2.532E1; -1.842E0; 1.042E-1; 6.027E-1; -1.212E-2
2.535E1; -1.783E0; 1.048E-1; 1.778E0; 1.739E-2
2.539E1; -1.696E0; 1.041E-1; 2.593E0; -2.169E-2
2.542E1; -1.583E0; 1.012E-1; 3.381E0; -8.692E-2
2.545E1; -1.457E0; 1.048E-1; 3.808E0; 1.074E-1
2.549E1; -1.301E0; 1.000E-1; 4.669E0; -1.430E-1
2.552E1; -1.134E0; 9.789E-2; 5.005E0; -6.389E-2
2.555E1; -9.481E-1; 9.415E-2; 5.578E0; -1.121E-1
2.559E1; -7.510E-1; 9.253E-2; 5.915E0; -4.873E-2
2.562E1; -5.443E-1; 8.851E-2; 6.199E0; -1.206E-1
2.565E1; -3.328E-1; 9.149E-2; 6.344E0; 8.955E-2
2.569E1; -1.211E-1; 8.979E-2; 6.353E0; -5.104E-2
2.572E1; 9.633E-2; 8.889E-2; 6.522E0; -2.691E-2
2.575E1; 3.078E-1; 8.331E-2; 6.345E0; -1.674E-1
2.579E1; 5.063E-1; 7.756E-2; 5.954E0; -1.726E-1
2.582E1; 6.977E-1; 7.163E-2; 5.742E0; -1.779E-1
2.585E1; 8.785E-1; 6.690E-2; 5.424E0; -1.420E-1
2.589E1; 1.034E0; 6.743E-2; 4.677E0; 1.590E-2
2.592E1; 1.179E0; 6.782E-2; 4.345E0; 1.172E-2
2.595E1; 1.296E0; 6.598E-2; 3.513E0; -5.498E-2
2.599E1; 1.385E0; 6.038E-2; 2.660E0; -1.680E-1
2.602E1; 1.445E0; 5.741E-2; 1.811E0; -8.922E-2
2.605E1; 1.481E0; 6.066E-2; 1.058E0; 9.750E-2
2.609E1; 1.499E0; 6.130E-2; 5.649E-1; 1.925E-2
2.612E1; 1.495E0; 6.130E-2; -1.447E-1; -5.511E-5
2.615E1; 1.464E0; 6.330E-2; -9.043E-1; 5.995E-2
2.619E1; 1.416E0; 6.304E-2; -1.461E0; -7.732E-3
2.622E1; 1.344E0; 6.459E-2; -2.151E0; 4.641E-2
2.625E1; 1.237E0; 6.624E-2; -3.206E0; 4.966E-2
2.629E1; 1.108E0; 6.762E-2; -3.866E0; 4.139E-2
2.632E1; 9.613E-1; 7.080E-2; -4.410E0; 9.530E-2
2.635E1; 7.990E-1; 6.419E-2; -4.869E0; -1.981E-1
2.639E1; 6.190E-1; 6.814E-2; -5.402E0; 1.185E-1
2.642E1; 4.287E-1; 8.214E-2; -5.706E0; 4.199E-1
2.645E1; 2.259E-1; 9.076E-2; -6.086E0; 2.585E-1
2.649E1; 1.824E-2; 8.176E-2; -6.229E0; -2.699E-1
2.652E1; -1.892E-1; 9.284E-2; -6.222E0; 3.323E-1
2.655E1; -3.980E-1; 9.324E-2; -6.265E0; 1.194E-2
2.659E1; -5.999E-1; 9.128E-2; -6.057E0; -5.870E-2
2.662E1; -7.799E-1; 8.514E-2; -5.400E0; -1.840E-1
2.665E1; -9.626E-1; 8.892E-2; -5.483E0; 1.132E-1
2.669E1; -1.144E0; 1.002E-1; -5.445E0; 3.384E-1
